Country,Population Total
Aruba,104872.0
Afghanistan,35383128.0
Angola,28842484.0
Albania,2876101.0
Andorra,77297.0
Arab World,404024433.0
United Arab Emirates,9360980.0
Argentina,43590368.0
Armenia,2936146.0
American Samoa,55741.0
Antigua and Barbuda,94527.0
Australia,24190907.0
Austria,8736668.0
Azerbaijan,9757812.0
Burundi,10487998.0
Belgium,11331422.0
Benin,10872067.0
Burkina Faso,18646378.0
Bangladesh,157970840.0
Bulgaria,7127822.0
Bahrain,1425791.0
"Bahamas, The",377931.0
Bosnia and Herzegovina,3386267.0
Belarus,9501534.0
Belize,368400.0
Bermuda,64555.0
Bolivia,11031813.0
Brazil,206163058.0
Barbados,285796.0
Brunei Darussalam,419800.0
Bhutan,736709.0
Botswana,2159944.0
Central African Republic,4537687.0
Canada,36109487.0
Central Europe and the Baltics,102994343.0
Switzerland,8373338.0
Channel Islands,166923.0
Chile,18209068.0
China,1378665000.0
Cote d'Ivoire,23822714.0
Cameroon,23926539.0
"Congo, Dem. Rep.",78789127.0
"Congo, Rep.",4980999.0
Colombia,48171392.0
Comoros,795592.0
Cabo Verde,531146.0
Costa Rica,4899345.0
Caribbean small states,7269386.0
Cuba,11335109.0
Curacao,159664.0
Cayman Islands,62569.0
Cyprus,1170187.0
Czech Republic,10566332.0
Germany,82348669.0
Djibouti,929112.0
Dominica,71307.0
Denmark,5728010.0
Dominican Republic,10397743.0
Algeria,40551404.0
East Asia & Pacific (excluding high income),2053116851.0
Early-demographic dividend,3165142287.0
East Asia & Pacific,2298514046.0
Europe & Central Asia (excluding high income),413361214.0
Europe & Central Asia,911812364.0
Ecuador,16491115.0
"Egypt, Arab Rep.",94447072.0
Euro area,340616924.0
Eritrea,
Spain,46483569.0
Estonia,1315790.0
Ethiopia,103603501.0
European Union,511218529.0
Fragile and conflict affected situations,493290951.0
Finland,5495303.0
Fiji,872399.0
France,66859768.0
Faroe Islands,48173.0
"Micronesia, Fed. Sts.",110215.0
Gabon,2007873.0
United Kingdom,65595565.0
Georgia,3727505.0
Ghana,28481946.0
Gibraltar,33737.0
Guinea,11738441.0
"Gambia, The",2149139.0
Guinea-Bissau,1782437.0
Equatorial Guinea,1215179.0
Greece,10775971.0
Grenada,110261.0
Greenland,56186.0
Guatemala,16583060.0
Guam,162951.0
Guyana,771366.0
High income,1198350350.0
"Hong Kong SAR, China",7336600.0
Honduras,9270795.0
Heavily indebted poor countries (HIPC),738387254.0
Croatia,4174349.0
Haiti,10839970.0
Hungary,9814023.0
IBRD only,4687686335.0
IDA & IBRD total,6256138021.0
IDA total,1568451686.0
IDA blend,531399044.0
Indonesia,261554226.0
IDA only,1037052642.0
Isle of Man,83287.0
India,1324509589.0
Not classified,
Ireland,4755335.0
"Iran, Islamic Rep.",79564016.0
Iraq,36610632.0
Iceland,335439.0
Israel,8546000.0
Italy,60627498.0
Jamaica,2906238.0
Jordan,9551467.0
Japan,126994511.0
Kazakhstan,17794055.0
Kenya,49051686.0
Kyrgyz Republic,6079500.0
Cambodia,15766293.0
Kiribati,112524.0
St. Kitts and Nevis,51625.0
"Korea, Rep.",51245707.0
Kuwait,3956873.0
Latin America & Caribbean (excluding high income),597399287.0
Lao PDR,6845846.0
Lebanon,6711121.0
Liberia,4586788.0
Libya,6492164.0
St. Lucia,180024.0
Latin America & Caribbean,629240066.0
Least developed countries: UN classification,963511276.0
Low income,670117389.0
Liechtenstein,37658.0
Sri Lanka,21203000.0
Lower middle income,2939830821.0
Low & middle income,6227752871.0
Lesotho,2075001.0
Late-demographic dividend,2262158994.0
Lithuania,2868231.0
Luxembourg,582014.0
Latvia,1959537.0
"Macao SAR, China",612836.0
St. Martin (French part),36065.0
Morocco,35126296.0
Monaco,38070.0
Moldova,3551954.0
Madagascar,24894380.0
Maldives,475513.0
Middle East & North Africa,433597626.0
Mexico,123333376.0
Marshall Islands,57735.0
Middle income,5557635482.0
North Macedonia,2080745.0
Mali,17965429.0
Malta,455356.0
Myanmar,53045226.0
Middle East & North Africa (excluding high income),370276461.0
Montenegro,622303.0
Mongolia,3056359.0
Northern Mariana Islands,56188.0
Mozambique,27829942.0
Mauritania,4163534.0
Mauritius,1263473.0
Malawi,17205289.0
Malaysia,30684804.0
North America,359245384.0
Namibia,2358041.0
New Caledonia,276550.0
Niger,20788838.0
Nigeria,185960289.0
Nicaragua,6303974.0
Netherlands,17030314.0
Norway,5234519.0
Nepal,27261131.0
Nauru,13049.0
New Zealand,4693200.0
OECD members,1288747101.0
Oman,4479219.0
Other small states,29542879.0
Pakistan,203627284.0
Panama,4037078.0
Peru,30926032.0
Philippines,103663927.0
Palau,17725.0
Papua New Guinea,8271760.0
Poland,37970087.0
Pre-demographic dividend,869943914.0
Puerto Rico,3406495.0
"Korea, Dem. People’s Rep.",25307744.0
Portugal,10325452.0
Paraguay,6777872.0
West Bank and Gaza,4367088.0
Pacific island small states,2388307.0
Post-demographic dividend,1101992071.0
French Polynesia,274575.0
Qatar,2654374.0
Romania,19702332.0
Russian Federation,144342396.0
Rwanda,11668818.0
South Asia,1771167194.0
Saudi Arabia,32442572.0
Sudan,39847440.0
Senegal,14993528.0
Singapore,5607283.0
Solomon Islands,619437.0
Sierra Leone,7328838.0
El Salvador,6356143.0
San Marino,33504.0
Somalia,14185613.0
Serbia,7058322.0
Sub-Saharan Africa (excluding high income),1022431864.0
South Sudan,10832512.0
Sub-Saharan Africa,1022526541.0
Small states,39200572.0
Sao Tome and Principe,203227.0
Suriname,564888.0
Slovak Republic,5430798.0
Slovenia,2065042.0
Sweden,9923085.0
Eswatini,1113984.0
Sint Maarten (Dutch part),39969.0
Seychelles,94677.0
Syrian Arab Republic,17453933.0
Turks and Caicos Islands,36559.0
Chad,14561666.0
East Asia & Pacific (IDA & IBRD countries),2027771091.0
Europe & Central Asia (IDA & IBRD countries),455505650.0
Togo,7509952.0
Thailand,68971331.0
Tajikistan,8663579.0
Turkmenistan,5662372.0
Latin America & the Caribbean (IDA & IBRD countries),613258172.0
Timor-Leste,1219288.0
Middle East & North Africa (IDA & IBRD countries),365909373.0
Tonga,101133.0
South Asia (IDA & IBRD),1771167194.0
Sub-Saharan Africa (IDA & IBRD countries),1022526541.0
Trinidad and Tobago,1377564.0
Tunisia,11303946.0
Turkey,79821724.0
Tuvalu,11225.0
Tanzania,53050790.0
Uganda,39647506.0
Ukraine,45004645.0
Upper middle income,2617804661.0
Uruguay,3424132.0
United States,323071342.0
Uzbekistan,31847900.0
St. Vincent and the Grenadines,109459.0
"Venezuela, RB",29846179.0
British Virgin Islands,29355.0
Virgin Islands (U.S.),107510.0
Vietnam,93638724.0
Vanuatu,278330.0
World,7426103221.0
Samoa,194535.0
Kosovo,1816200.0
"Yemen, Rep.",27168210.0
South Africa,56203654.0
Zambia,16363507.0
Zimbabwe,14030390.0
